{
  "camera_matrix": [
    [
      719.3129122979801,
      0.0,
      555.3093060595395
    ],
    [
      0.0,
      718.5088606477634,
      401.55743676686853
    ],
    [
      0.0,
      0.0,
      1.0
    ]
  ],
  "dist_coeff": [
    [
      -0.15579650858148755,
      0.05231365925230891,
      -0.005045462764512707,
      -0.001333741676099586,
      -0.07963473259963676
    ]
  ],
  "rvecs": [
    [
      [
        -0.07021044002246178
      ],
      [
        -0.04275373621207202
      ],
      [
        -0.0030127524474725153
      ]
    ],
    [
      [
        -2.228657685098846
      ],
      [
        -2.215753000982452
      ],
      [
        -0.2583005813067659
      ]
    ],
    [
      [
        -2.2463064190961606
      ],
      [
        -2.2580484624313524
      ],
      [
        -0.18690454273561222
      ]
    ],
    [
      [
        -1.844915727879548
      ],
      [
        -2.492299279879116
      ],
      [
        -0.38384983448906085
      ]
    ],
    [
      [
        -2.492278871025336
      ],
      [
        -1.7107574159867702
      ],
      [
        -0.1894967266445328
      ]
    ],
    [
      [
        -2.2341232002341713
      ],
      [
        -2.267556539719712
      ],
      [
        -0.20632604009714048
      ]
    ],
    [
      [
        -2.1745096298789504
      ],
      [
        -2.178380867109315
      ],
      [
        -0.09517022020614331
      ]
    ],
    [
      [
        -2.205092840339334
      ],
      [
        -2.2010097252758167
      ],
      [
        -0.06764126366443426
      ]
    ],
    [
      [
        2.2736345886322096
      ],
      [
        2.29418359272885
      ],
      [
        -0.06023933218344621
      ]
    ],
    [
      [
        2.2488058040392596
      ],
      [
        2.2624203649012897
      ],
      [
        -0.08160500159274936
      ]
    ],
    [
      [
        2.304418960032818
      ],
      [
        2.3244302159216246
      ],
      [
        0.03171840496746222
      ]
    ],
    [
      [
        -2.2248612458116743
      ],
      [
        -2.2608842839885366
      ],
      [
        -0.05798144997881469
      ]
    ]
  ],
  "tvecs": [
    [
      [
        -2.8199670360761435
      ],
      [
        -2.4191120667793315
      ],
      [
        6.987243759348384
      ]
    ],
    [
      [
        -8.192902372454263
      ],
      [
        -5.151560652840404
      ],
      [
        11.73153166332836
      ]
    ],
    [
      [
        -7.374859180811823
      ],
      [
        -0.29502230432922716
      ],
      [
        11.549769101422836
      ]
    ],
    [
      [
        -3.4441805873844036
      ],
      [
        -2.9811153532633203
      ],
      [
        7.662609504050145
      ]
    ],
    [
      [
        -1.8192607878697125
      ],
      [
        -1.1631756680782745
      ],
      [
        9.163969149687
      ]
    ],
    [
      [
        -9.481892412959679
      ],
      [
        -3.15297684247102
      ],
      [
        12.687416637740062
      ]
    ],
    [
      [
        -2.410876654370727
      ],
      [
        -6.040687317597314
      ],
      [
        13.658025232073635
      ]
    ],
    [
      [
        -2.999277862298306
      ],
      [
        -3.4954933280090508
      ],
      [
        14.989764654796888
      ]
    ],
    [
      [
        4.43366325957124
      ],
      [
        -3.07586047728301
      ],
      [
        13.895019280487075
      ]
    ],
    [
      [
        3.576739785823395
      ],
      [
        0.36104335013337036
      ],
      [
        13.383068474011619
      ]
    ],
    [
      [
        3.6928050971649524
      ],
      [
        -5.98610449930044
      ],
      [
        13.908028631466818
      ]
    ],
    [
      [
        -2.7302253901709523
      ],
      [
        0.20880191307718823
      ],
      [
        12.833189831144066
      ]
    ]
  ],
  "reproj_error": 0.09043462968986622
}